id,first_name,last_name,address,email,user_type,branch
1,Jose,Storani,Gutierrez 66,jdstorani@gmail.com,empleado,1
2,Martin,Bonacorso,Vigil 244,mbonacroso@gmail.com,administrador,1
3,Cintia,Morlacci,San Lorenzo 4566,cintiamor@hotmail.com,empleado,1
4,Jorge,Lancellotti,Rueda 5332,jorgelancellotti@gmail.com,administrador,1
5,Viviana,Facerol,Amenabar 2345,vivi89@gmail.com,empleado,2
